,explanation,description_c,description_d,bleu_c,bleu_d,readablity,cosine_c,cosine_d,rouge_c,rouge_d,bleurt_c,bleurt_d
HIT01_8,"The root cause of the bug is an issue with line 279 in the static method “forOffsetHoursMinutes” where it incorrectly checks for minutesOffset values less than or equal to zero, while handling only positive minute values. The check should instead be for minutesOffset values less than -59 and greater than 59.","The root cause for the thrown exception is in line 279. Within the if statement the program checks is the value of the variable ""minutesOffset"" is less than zero or greater than 59. The documentation states, that the value of the variable can also be negative in some cases. In a case with a negative ""minutesOffset"" value, the program throws the relevant exception.","The specification states, that the method ""DateTimeZone()"" accepts a minutes offset value in the range of -59 to 59 inlcusive. The method checks if this value, stored as ""minutesOffset"", is within these bounds on line 279, but incorrectly throws an ""IllegalArgumentException"" for any minutes offset less than zero instead of less than -59.",0.03892301728464544,0.0445881574857523,54.05,"[[1.       0.196888]
 [0.196888 1.      ]]","[[1.       0.267254]
 [0.267254 1.      ]]","{'rouge-1': {'r': 0.0, 'p': 0.0, 'f': 0.0}, 'rouge-2': {'r': 0.0, 'p': 0.0, 'f': 0.0}, 'rouge-4': {'r': 0.0, 'p': 0.0, 'f': 0.0}, 'rouge-l': {'r': 0.0, 'p': 0.0, 'f': 0.0}}","{'rouge-1': {'r': 0.0, 'p': 0.0, 'f': 0.0}, 'rouge-2': {'r': 0.0, 'p': 0.0, 'f': 0.0}, 'rouge-4': {'r': 0.0, 'p': 0.0, 'f': 0.0}, 'rouge-l': {'r': 0.0, 'p': 0.0, 'f': 0.0}}",0.47972285747528076,0.44546401500701904
HIT02_24,"The Color function does not accept negative numbers, and it was passed -0.5 from the getPaint function on line 117 due to incorrect variable usage.","The root cause for the thrown exception is in line 119. The function ""Color"" does not accept negative numbers as input values, but a negative number can be passed to the function. Therefore, the IllegalArgumentException occurs.","The ""getPaint"" method checks if the input ""value"" lies within specified upper and lower bounds, and corrects inputs that are too large or too small. The corrected input is saved in a new variable ""v"". The calculation on line 117 uses the original ""value"" instead of the corrected ""v"", causing the ""IllegalArgumentException"" to be thrown.",0.12066241764747693,0.021824907535865135,67.25,"[[1.         0.45205624]
 [0.45205624 1.        ]]","[[1.        0.0926979]
 [0.0926979 1.       ]]","{'rouge-1': {'r': 0.0, 'p': 0.0, 'f': 0.0}, 'rouge-2': {'r': 0.0, 'p': 0.0, 'f': 0.0}, 'rouge-4': {'r': 0.0, 'p': 0.0, 'f': 0.0}, 'rouge-l': {'r': 0.0, 'p': 0.0, 'f': 0.0}}","{'rouge-1': {'r': 0.0, 'p': 0.0, 'f': 0.0}, 'rouge-2': {'r': 0.0, 'p': 0.0, 'f': 0.0}, 'rouge-4': {'r': 0.0, 'p': 0.0, 'f': 0.0}, 'rouge-l': {'r': 0.0, 'p': 0.0, 'f': 0.0}}",0.47367990016937256,0.32935261726379395
HIT03_6,"The code is going out of bounds on the ""pos"" variable during iteration through the while loop, causing a StringIndexOutOfBoundsException error.","The root cause for the thrown exception is in the while loop between lines 84 and 97. In line 87 the invocation ""Character.codePointAt"" gets the variable ""pos"" as input. The ""pos"" variable gets incremented in the while loop twice (in line 89 and 95) constantly. Therefore, it could get incremented beyond the ""len"" variable. In that case, the StringIndexOutOfBoundsException occurs.","The ""translate"" method accesses the character sequence at the index specified with the ""pos"" variable. The ""pos"" variable is incremented within the while loop on lines 84-97. The loop executes as long as ""pos"" is smaller than the length of the character sequence. In this case the character sequence is of length two. A ""pos"" value of 2 is not smaller than the length of the character sequence, but since indexing starts at 0 trying to access this character sequence at index 2 results in a ""StringIndexOutOfBoundsException""",0.021757005275562798,0.021702673778778617,41.7,"[[1.        0.2257297]
 [0.2257297 1.       ]]","[[1.         0.16359344]
 [0.16359344 1.        ]]","{'rouge-1': {'r': 0.04953560371517028, 'p': 0.0019945150835203192, 'f': 0.0038346315158777717}, 'rouge-2': {'r': 0.0, 'p': 0.0, 'f': 0.0}, 'rouge-4': {'r': 0.0, 'p': 0.0, 'f': 0.0}, 'rouge-l': {'r': 0.04953560371517028, 'p': 0.0019945150835203192, 'f': 0.0038346315158777717}}","{'rouge-1': {'r': 0.07077625570776255, 'p': 0.002817157397310069, 'f': 0.005418633106100332}, 'rouge-2': {'r': 0.0, 'p': 0.0, 'f': 0.0}, 'rouge-4': {'r': 0.0, 'p': 0.0, 'f': 0.0}, 'rouge-l': {'r': 0.07077625570776255, 'p': 0.002817157397310069, 'f': 0.005418633106100332}}",0.43533003330230713,0.4282224774360657
HIT04_7,"The root cause of the software failure can be attributed to several factors. Firstly, there are two variables 'e' used in different locations which could potentially change unintentionally while being accessed from minMiddleIndex and maxMiddleIndex functions.","The root cause for the thrown exception is in line 299 and 301. Between lines 298 and 310, calculations are conducted based on a ""maxMiddleIndex"" value greater than 1. The variables ""s"" and ""e"" are initialized based on ""minMiddleIndex"" instead of ""maxMiddleIndex"". Therefore, the AssertionFailedError occurs.","The ""updateBounds"" method updates the ""maxMiddleIndex"" on lines 298-310. On lines 299 and 301 the method ""getDataItem"" is called with the ""minMiddleIndex"" value, which causes ""maxMiddleIndex"" to be updated incorrectly and the ""AssertionFailedError""",0.027916638128310328,0.008688425467366395,36.28,"[[1.         0.15716333]
 [0.15716333 1.        ]]","[[1.        0.0759058]
 [0.0759058 1.       ]]","{'rouge-1': {'r': 0.0, 'p': 0.0, 'f': 0.0}, 'rouge-2': {'r': 0.0, 'p': 0.0, 'f': 0.0}, 'rouge-4': {'r': 0.0, 'p': 0.0, 'f': 0.0}, 'rouge-l': {'r': 0.0, 'p': 0.0, 'f': 0.0}}","{'rouge-1': {'r': 0.0, 'p': 0.0, 'f': 0.0}, 'rouge-2': {'r': 0.0, 'p': 0.0, 'f': 0.0}, 'rouge-4': {'r': 0.0, 'p': 0.0, 'f': 0.0}, 'rouge-l': {'r': 0.0, 'p': 0.0, 'f': 0.0}}",0.4168957471847534,0.3312876224517822
HIT05_35,"The root cause of the software failure is due to incorrect usage of generics and null values in the copyArrayGrow1 method. The method should return an array of the correct generic type, but it defaults to Object.class when both input parameters are null, leading to a failed cast attempt at line 3290.","The root cause for the thrown error is in line 3288. A new array is initiated as an array of Objects. When an array is passed as null, the implicit casting from Object to String fails. Therefore, the ClassCastException occurs.","The method ""add"" accepts two input variables ""T[] array"" and ""T element"". In order to add ""element"" to the array, a new array ""newArray"" of objects of type ""T"" is created, to which ""element"" is then appended. ""newArray"" is initialized on line 3290 using the ""copyArrayGrow1"" method, which takes the input ""array"" and a variable ""type"" denoting the type of objects held in the array. Since the input ""array"" is non-Null, ""type"" is set to the type of ""array"" on line 3288. Because ""type"" is set to the type of ""array"", which is ""Object.class"", instead of the type of objects contained in the array, which is ""T"", the array returned by the ""copyArrayGrow1"" method does not match the type declaration of the ""newArray"" variable, leading to a ""ClassCastException"".",0.03488802228551215,0.020737063327313097,70.84,"[[1.         0.19023489]
 [0.19023489 1.        ]]","[[1.        0.3007077]
 [0.3007077 1.       ]]","{'rouge-1': {'r': 0.09090909090909091, 'p': 0.0014465622872702518, 'f': 0.002847809699304799}, 'rouge-2': {'r': 0.0, 'p': 0.0, 'f': 0.0}, 'rouge-4': {'r': 0.0, 'p': 0.0, 'f': 0.0}, 'rouge-l': {'r': 0.09090909090909091, 'p': 0.0014465622872702518, 'f': 0.002847809699304799}}","{'rouge-1': {'r': 0.08386075949367089, 'p': 0.0013428600385122125, 'f': 0.0026433915211970076}, 'rouge-2': {'r': 0.0, 'p': 0.0, 'f': 0.0}, 'rouge-4': {'r': 0.0, 'p': 0.0, 'f': 0.0}, 'rouge-l': {'r': 0.08386075949367089, 'p': 0.0013428600385122125, 'f': 0.0026433915211970076}}",0.4718000292778015,0.46570295095443726
HIT06_51,"The issue is occurring at line 260, where the ""add(Long.toString(value));"" method expects to receive -0.0 as an argument but is instead receiving 0 due to the variable 'value' being of type long which eliminates the .0 portion of the number and automatically converts '-0' to '0', leaving the add method with a zero input rather than the expected negative 0.0. Additionally, there are multiple instances where double or long types were used interchangeably when they should have been different.",The root cause for the thrown exception is in line 260. The program casts a Long value to String. The value passed to the Long can have a decimal place which gets eliminated due to the number format. Therefore a different value than expected is cast to String and the ComparisonFailure occurs.,"The method ""addNumber"" is passed the value ""-0.0"", as the input variable ""x"" of type double. Since -0.0 and 0.0 are equal, the conditional clause on line 241 is skipped. The input is cast as type ""long"" to a new variable ""value"" on line 248, which gets rid of the sign and fractional part, causing the assertion to fail.",0.01888337489460582,0.0251443997979191,55.44,"[[1.         0.25012375]
 [0.25012375 1.        ]]","[[1.         0.26874726]
 [0.26874726 1.        ]]","{'rouge-1': {'r': 0.09090909090909091, 'p': 0.000950447142178252, 'f': 0.0018812262174526487}, 'rouge-2': {'r': 0.0, 'p': 0.0, 'f': 0.0}, 'rouge-4': {'r': 0.0, 'p': 0.0, 'f': 0.0}, 'rouge-l': {'r': 0.09090909090909091, 'p': 0.000950447142178252, 'f': 0.0018812262174526487}}","{'rouge-1': {'r': 0.11450381679389313, 'p': 0.0011867088607594937, 'f': 0.002349072116513977}, 'rouge-2': {'r': 0.0, 'p': 0.0, 'f': 0.0}, 'rouge-4': {'r': 0.0, 'p': 0.0, 'f': 0.0}, 'rouge-l': {'r': 0.11450381679389313, 'p': 0.0011867088607594937, 'f': 0.002349072116513977}}",0.46209967136383057,0.418059766292572
HIT07_33,"The root cause of the bug is that the code dereferences members of the array without first checking whether they're null, specifically at line 910.","The root cause for the thrown exception is in line 910. The program calls ""getClass"" on arrays without checking, if they are null. If ""getClass"" gets called on a null array, the NullPointerException occurs.","The method ""toClass"" accepts the input variable ""array"". The for-loop on lines 909-911 iterates over all members of the array and dereferences them without checking for null values first. This causes the ""getClass"" method on line 910 to throw a ""NullPointerException"" when called on array members that are null.",0.04275723401154273,0.066621988535773,63.02,"[[1.         0.32601565]
 [0.32601565 1.        ]]","[[1.         0.34998973]
 [0.34998973 1.        ]]","{'rouge-1': {'r': 0.0, 'p': 0.0, 'f': 0.0}, 'rouge-2': {'r': 0.0, 'p': 0.0, 'f': 0.0}, 'rouge-4': {'r': 0.0, 'p': 0.0, 'f': 0.0}, 'rouge-l': {'r': 0.0, 'p': 0.0, 'f': 0.0}}","{'rouge-1': {'r': 0.0, 'p': 0.0, 'f': 0.0}, 'rouge-2': {'r': 0.0, 'p': 0.0, 'f': 0.0}, 'rouge-4': {'r': 0.0, 'p': 0.0, 'f': 0.0}, 'rouge-l': {'r': 0.0, 'p': 0.0, 'f': 0.0}}",0.6394835710525513,0.5293184518814087
HIT08_54,"The root cause of the software failure can be attributed to the validation of the input locale string format. The method under scrutiny, `toLocaleString()`, checks for a specific format for locale strings; specifically, it expects two lowercase letters, an underscore, two uppercase letters, another underscore, and three lowercase letters. In the given example, the locale string 'fr__POSIX' did not adhere to this format, with the third character being an underscore instead of a letter. Consequently, an IllegalArgumentException was thrown with the message 'Invalid locale format: fr__POSIX'.","The root cause for the thrown error is in line 115. The program checks, if the third character of the locale is < ""A"" or > ""Z"" and throws an error in this case. Based on the test, a locale with an underscore at the third position is possible. In ASCII an underscore has a value greater than ""Z"". Therefore the IllegalArgumentException occurs. ","The method """"toLocale"""" accepts a string variable """"str"""" as input, which it parses for a valid locale. The input """"fr__POSIX"""" in this case contains an underscore as the third and fourth characters. The conditional on line 115 checks, whether the fourth character, saved in variable """"ch3"""", is an upper-case letter between """"A"""" and """"Z"""". Since """"ch3"""" is an underscore, the expression """"ch3 > 'Z'"""" evaluates to true, and an """"IllegalArgumentException"""" is thrown.",0.0293136892592226,0.013261572474631401,41.19,"[[1.         0.23870041]
 [0.23870041 1.        ]]","[[1.         0.19895862]
 [0.19895862 1.        ]]","{'rouge-1': {'r': 0.07142857142857142, 'p': 0.0006780120686148214, 'f': 0.0013432735576600174}, 'rouge-2': {'r': 0.0, 'p': 0.0, 'f': 0.0}, 'rouge-4': {'r': 0.0, 'p': 0.0, 'f': 0.0}, 'rouge-l': {'r': 0.07142857142857142, 'p': 0.0006780120686148214, 'f': 0.0013432735576600174}}","{'rouge-1': {'r': 0.08060453400503778, 'p': 0.000795070562512423, 'f': 0.001574609423053266}, 'rouge-2': {'r': 0.0, 'p': 0.0, 'f': 0.0}, 'rouge-4': {'r': 0.0, 'p': 0.0, 'f': 0.0}, 'rouge-l': {'r': 0.08060453400503778, 'p': 0.000795070562512423, 'f': 0.001574609423053266}}",0.47638964653015137,0.4777485132217407
