,explanation,description_c,description_d,bleu_c,bleu_d,readablity,readablity_c,readablity_d,cosine_c,cosine_d,rouge_c,rouge_d,bleurt_c,bleurt_d
HIT01_8,"The provided code has several issues related to handling negative offset values for hours and minutes. The most critical issue is on line 279, where the variable `minutesOffset` is checked incorrectly. It should be checking if `minutesOffset` is less than -59 instead of just checking for being less than 0. This will prevent exceptions from being thrown when trying to handle negative offset values. Additionally, there are issues with string manipulation and handling null values in other parts of the code.","The root cause for the thrown exception is in line 279. Within the if statement the program checks is the value of the variable ""minutesOffset"" is less than zero or greater than 59. The documentation states, that the value of the variable can also be negative in some cases. In a case with a negative ""minutesOffset"" value, the program throws the relevant exception.","The specification states, that the method ""DateTimeZone()"" accepts a minutes offset value in the range of -59 to 59 inlcusive. The method checks if this value, stored as ""minutesOffset"", is within these bounds on line 279, but incorrectly throws an ""IllegalArgumentException"" for any minutes offset less than zero instead of less than -59.",0.07788074539902336,0.027862804470713994,46.57,55.44,44.58,"[[1.         0.15749983]
 [0.15749983 1.        ]]","[[1.         0.18503848]
 [0.18503848 1.        ]]","{'rouge-1': {'r': 0.0, 'p': 0.0, 'f': 0.0}, 'rouge-2': {'r': 0.0, 'p': 0.0, 'f': 0.0}, 'rouge-4': {'r': 0.0, 'p': 0.0, 'f': 0.0}, 'rouge-l': {'r': 0.0, 'p': 0.0, 'f': 0.0}}","{'rouge-1': {'r': 0.0, 'p': 0.0, 'f': 0.0}, 'rouge-2': {'r': 0.0, 'p': 0.0, 'f': 0.0}, 'rouge-4': {'r': 0.0, 'p': 0.0, 'f': 0.0}, 'rouge-l': {'r': 0.0, 'p': 0.0, 'f': 0.0}}",0.44944971799850464,0.4336930513381958
HIT02_24,"The bug occurs because the Color function does not accept negative numbers, which are being passed from the getPaint method when calculating the gray shade for values below the lower bound (0). Additionally, the variable used in the getPaint method is incorrectly named 'value', causing confusion with the parameters of the method, leading to incorrect values being used beyond the bounds of the class. To fix this issue, change the line in the getPaint function where 'v' equals Math.max(value, this.lowerBound) to v = Math.min(Math.max(value, this.lowerBound), this.upperBound). This ensures that only values within the range of lowerBound and upperBound are used when calculating the gray shade.","The root cause for the thrown exception is in line 119. The function ""Color"" does not accept negative numbers as input values, but a negative number can be passed to the function. Therefore, the IllegalArgumentException occurs.","The ""getPaint"" method checks if the input ""value"" lies within specified upper and lower bounds, and corrects inputs that are too large or too small. The corrected input is saved in a new variable ""v"". The calculation on line 117 uses the original ""value"" instead of the corrected ""v"", causing the ""IllegalArgumentException"" to be thrown.",0.016664519952553056,0.005478131025827957,41.9,59.3,52.9,"[[1.         0.19641392]
 [0.19641392 1.        ]]","[[1.         0.15550236]
 [0.15550236 1.        ]]","{'rouge-1': {'r': 0.015625, 'p': 0.00012586532410320956, 'f': 0.000249719066050693}, 'rouge-2': {'r': 0.0, 'p': 0.0, 'f': 0.0}, 'rouge-4': {'r': 0.0, 'p': 0.0, 'f': 0.0}, 'rouge-l': {'r': 0.015625, 'p': 0.00012586532410320956, 'f': 0.000249719066050693}}","{'rouge-1': {'r': 0.02120141342756184, 'p': 0.0001695633743111488, 'f': 0.000336436021083324}, 'rouge-2': {'r': 0.0, 'p': 0.0, 'f': 0.0}, 'rouge-4': {'r': 0.0, 'p': 0.0, 'f': 0.0}, 'rouge-l': {'r': 0.02120141342756184, 'p': 0.0001695633743111488, 'f': 0.000336436021083324}}",0.49626708030700684,0.46914732456207275
HIT03_6,"The bug is caused by an infinite loop due to the incorrect incrementation of the pos variable. The while loop continues as long as pos is less than the length of the input string, but it should be less than or equal to the length of the input string. This can be fixed by changing the condition in the while loop from < to <=.","The root cause for the thrown exception is in the while loop between lines 84 and 97. In line 87 the invocation ""Character.codePointAt"" gets the variable ""pos"" as input. The ""pos"" variable gets incremented in the while loop twice (in line 89 and 95) constantly. Therefore, it could get incremented beyond the ""len"" variable. In that case, the StringIndexOutOfBoundsException occurs.","The ""translate"" method accesses the character sequence at the index specified with the ""pos"" variable. The ""pos"" variable is incremented within the while loop on lines 84-97. The loop executes as long as ""pos"" is smaller than the length of the character sequence. In this case the character sequence is of length two. A ""pos"" value of 2 is not smaller than the length of the character sequence, but since indexing starts at 0 trying to access this character sequence at index 2 results in a ""StringIndexOutOfBoundsException""",0.0616474297175642,0.1549640215540003,75.54,61.33,53.81,"[[1.         0.22613248]
 [0.22613248 1.        ]]","[[1.         0.23072368]
 [0.23072368 1.        ]]","{'rouge-1': {'r': 0.018575851393188854, 'p': 0.00023798191337458352, 'f': 0.00046994321519483066}, 'rouge-2': {'r': 0.0, 'p': 0.0, 'f': 0.0}, 'rouge-4': {'r': 0.0, 'p': 0.0, 'f': 0.0}, 'rouge-l': {'r': 0.018575851393188854, 'p': 0.00023798191337458352, 'f': 0.00046994321519483066}}","{'rouge-1': {'r': 0.0091324200913242, 'p': 0.00011566042100393245, 'f': 0.00022842784535434868}, 'rouge-2': {'r': 0.0, 'p': 0.0, 'f': 0.0}, 'rouge-4': {'r': 0.0, 'p': 0.0, 'f': 0.0}, 'rouge-l': {'r': 0.0091324200913242, 'p': 0.00011566042100393245, 'f': 0.00022842784535434868}}",0.3382010757923126,0.37532347440719604
HIT04_7,"The variable e is used in two locations which are both reachable by the program (because both minMiddleIndex and maxMiddleIndex are values that can both evaluate to greater than 0) and it can be changed unintentionally.

From looking at the source code, perhaps you would want to check with the getDataItem parameter. You are passing minMiddleIndex, though we are checking for maxMiddleIndex.

the variable is declared to have the same value as the variable s. the min or maxmiddle index value will be the same.

The assertEquals method seems to be comparing two objects to check if they are equal. In this case, the objects are 1 and the value returned by s.getMaxMiddleIndex. In lines 304 and 306, the index value may be incorrect, leading to the error.

There could be a problem with integer arithmetic cut off in expression ""(e - s) / 2"", ie. (10-3)/2 == 7/2 == 3 which depending on the context might not be the expected result. 

Line 301 is calling assessor functions to set variables to be used to calculate the MaxMiddleIndex. Since the assertion fails when checking the MaxMiddleIndex it is likely there is something wrong with the assessor functions or how the value they return is being manipulated.

This line is causing a 3 to be returned, but it's not clear what the function is supposed to do so I can't say for sure.

The method call on line 299 and on line 301 are being invocated on the wrong object. The object should be ""this.maxMiddleIndex"" instead of ""this.minMiddleIndex"".

In the initialization of e and s, the parameters for getDataItem is this.minMiddleIndex. It should be this.maxMiddleIndex
defaults are not considered.

long maxMiddle = s + (e - s) / 2;              if (middle > maxMiddle) {                  this.maxMiddleIndex = index;   
""maxMiddleIndex"" does not match the name of the assessor function.
","The root cause for the thrown exception is in line 299 and 301. Between lines 298 and 310, calculations are conducted based on a ""maxMiddleIndex"" value greater than 1. The variables ""s"" and ""e"" are initialized based on ""minMiddleIndex"" instead of ""maxMiddleIndex"". Therefore, the AssertionFailedError occurs.","The ""updateBounds"" method updates the ""maxMiddleIndex"" on lines 298-310. On lines 299 and 301 the method ""getDataItem"" is called with the ""minMiddleIndex"" value, which causes ""maxMiddleIndex"" to be updated incorrectly and the ""AssertionFailedError""",0.0001646046727909981,1.3179655137513374e-05,65.73,51.34,37.81,"[[1.         0.27547255]
 [0.27547255 1.        ]]","[[1.         0.30098507]
 [0.30098507 1.        ]]","{'rouge-1': {'r': 0.2889733840304182, 'p': 0.0008063831593243358, 'f': 0.001608278401455915}, 'rouge-2': {'r': 0.0, 'p': 0.0, 'f': 0.0}, 'rouge-4': {'r': 0.0, 'p': 0.0, 'f': 0.0}, 'rouge-l': {'r': 0.2889733840304182, 'p': 0.0008063831593243358, 'f': 0.001608278401455915}}","{'rouge-1': {'r': 0.26851851851851855, 'p': 0.0007642842083069787, 'f': 0.001524230001051193}, 'rouge-2': {'r': 0.0, 'p': 0.0, 'f': 0.0}, 'rouge-4': {'r': 0.0, 'p': 0.0, 'f': 0.0}, 'rouge-l': {'r': 0.26851851851851855, 'p': 0.0007642842083069787, 'f': 0.001524230001051193}}",0.326352059841156,0.3261772692203522
HIT05_35,"The issue lies in the `remove` method where it tries to create a new array using `Array.newInstance(array.getClass().getComponentType(), length - 1)`. The problem arises when `array` is null, as this line tries to get the class of `null`, which results in an Object type. Later, when trying to copy elements from the original array to the new one, it attempts to cast the result of `System.arraycopy(array, 0, result, 0, index)` into a String array, leading to a ClassCastException.","The root cause for the thrown error is in line 3288. A new array is initiated as an array of Objects. When an array is passed as null, the implicit casting from Object to String fails. Therefore, the ClassCastException occurs.","The method ""add"" accepts two input variables ""T[] array"" and ""T element"". In order to add ""element"" to the array, a new array ""newArray"" of objects of type ""T"" is created, to which ""element"" is then appended. ""newArray"" is initialized on line 3290 using the ""copyArrayGrow1"" method, which takes the input ""array"" and a variable ""type"" denoting the type of objects held in the array. Since the input ""array"" is non-Null, ""type"" is set to the type of ""array"" on line 3288. Because ""type"" is set to the type of ""array"", which is ""Object.class"", instead of the type of objects contained in the array, which is ""T"", the array returned by the ""copyArrayGrow1"" method does not match the type declaration of the ""newArray"" variable, leading to a ""ClassCastException"".",0.007319851650809113,0.05547917229817186,56.05,69.79,58.32,"[[1.         0.41496802]
 [0.41496802 1.        ]]","[[1.         0.45658558]
 [0.45658558 1.        ]]","{'rouge-1': {'r': 0.09090909090909091, 'p': 0.0009768992069877026, 'f': 0.001933026323270226}, 'rouge-2': {'r': 0.0, 'p': 0.0, 'f': 0.0}, 'rouge-4': {'r': 0.0, 'p': 0.0, 'f': 0.0}, 'rouge-l': {'r': 0.09090909090909091, 'p': 0.0009768992069877026, 'f': 0.001933026323270226}}","{'rouge-1': {'r': 0.08544303797468354, 'p': 0.0009239772085621888, 'f': 0.0018281845112145577}, 'rouge-2': {'r': 0.0, 'p': 0.0, 'f': 0.0}, 'rouge-4': {'r': 0.0, 'p': 0.0, 'f': 0.0}, 'rouge-l': {'r': 0.08544303797468354, 'p': 0.0009239772085621888, 'f': 0.0018281845112145577}}",0.5021344423294067,0.43535810708999634
HIT06_51,"The root cause of the bug is due to a mistake in the handling of the variable value in the CodePrinter. Specifically, when adding numbers, the code converts a double to a long, which loses the sign information and causes -0.0 to be incorrectly represented as 0. To fix this issue, the code should use a Double instead of a long for storing numbers, especially when dealing with values that may contain negative zero (-0.0). This change will ensure accurate representation of all numerical values in the output.",The root cause for the thrown exception is in line 260. The program casts a Long value to String. The value passed to the Long can have a decimal place which gets eliminated due to the number format. Therefore a different value than expected is cast to String and the ComparisonFailure occurs.,"The method ""addNumber"" is passed the value ""-0.0"", as the input variable ""x"" of type double. Since -0.0 and 0.0 are equal, the conditional clause on line 241 is skipped. The input is cast as type ""long"" to a new variable ""value"" on line 248, which gets rid of the sign and fractional part, causing the assertion to fail.",0.015022746528136921,0.01165354476489225,53.61,66.74,76.42,"[[1.         0.11898954]
 [0.11898954 1.        ]]","[[1.         0.11235706]
 [0.11235706 1.        ]]","{'rouge-1': {'r': 0.08677685950413223, 'p': 0.0008144585789636984, 'f': 0.001613770844540075}, 'rouge-2': {'r': 0.0, 'p': 0.0, 'f': 0.0}, 'rouge-4': {'r': 0.0, 'p': 0.0, 'f': 0.0}, 'rouge-l': {'r': 0.08677685950413223, 'p': 0.0008144585789636984, 'f': 0.001613770844540075}}","{'rouge-1': {'r': 0.0916030534351145, 'p': 0.0008522727272727272, 'f': 0.001688832594469073}, 'rouge-2': {'r': 0.0, 'p': 0.0, 'f': 0.0}, 'rouge-4': {'r': 0.0, 'p': 0.0, 'f': 0.0}, 'rouge-l': {'r': 0.0916030534351145, 'p': 0.0008522727272727272, 'f': 0.001688832594469073}}",0.44451332092285156,0.42411506175994873
HIT07_33,"The second element of the array is null (which has no class), and the getClass method will produce a NullPointerException in this case.","The root cause for the thrown exception is in line 910. The program calls ""getClass"" on arrays without checking, if they are null. If ""getClass"" gets called on a null array, the NullPointerException occurs.","The method ""toClass"" accepts the input variable ""array"". The for-loop on lines 909-911 iterates over all members of the array and dereferences them without checking for null values first. This causes the ""getClass"" method on line 910 to throw a ""NullPointerException"" when called on array members that are null.",0.009672649511413098,0.03686467508351105,56.59,76.93,54.93,"[[1.         0.25229058]
 [0.25229058 1.        ]]","[[1.         0.30003837]
 [0.30003837 1.        ]]","{'rouge-1': {'r': 0.06936416184971098, 'p': 0.002532714225411566, 'f': 0.004886988393402565}, 'rouge-2': {'r': 0.0, 'p': 0.0, 'f': 0.0}, 'rouge-4': {'r': 0.0, 'p': 0.0, 'f': 0.0}, 'rouge-l': {'r': 0.06936416184971098, 'p': 0.002532714225411566, 'f': 0.004886988393402565}}","{'rouge-1': {'r': 0.07604562737642585, 'p': 0.002796029637914162, 'f': 0.005393743257820927}, 'rouge-2': {'r': 0.0, 'p': 0.0, 'f': 0.0}, 'rouge-4': {'r': 0.0, 'p': 0.0, 'f': 0.0}, 'rouge-l': {'r': 0.07604562737642585, 'p': 0.002796029637914162, 'f': 0.005393743257820927}}",0.4870600700378418,0.4184088110923767
HIT08_54,"The following issues were found in the code:

- The method does not handle cases where the country code is omitted, but there are extensions in the locale string.
- The condition in line 118 checks to see if the fifth position in the string does not equal an underscore. In this case, the string 'fr__POSIX' contains a letter instead of an underscore, causing the exception.
- The condition in line 115 checks to see if the third character in the string is an uppercase letter and if so throws an exception because it requires both language and country codes.
- If the length of the locale string does not meet specific conditions, the code will throw an IllegalArgumentException. However, these conditions may be too restrictive and do not account for different variants that can exist without a country code.
- The program runs as intended but fails to correct the string format when it contains an underscore in place of a letter (for example 'fr__POSIX')
- There is also an issue with line 121 where it checks if the sixth character of the locale string is not an underscore. In this case, the string does contain an underscore, but there are three characters after that which means there must be another underscore to make a valid format.
- The code requires the input to meet specific conditions such as length and content. However, it does not check if the country code has a capital letter which is required in newer versions of the JavaScript program.
- If the locale string was very long, it would not catch cases where the fifth position was not an underscore because of the less than 7 condition. This could cause problems in handling different variants that do not contain a country code.
- The method does not handle all possible valid formats for locales, specifically variants without a country code, which could lead to errors when trying to create a Locale object.
- The program checks if the length of the input is less than 7 and throws an exception if it is. However, this may be too restrictive because longer strings can also be invalid inputs in certain cases.
- In line 115, the condition checks to see if the third character is an uppercase letter but it does not account for when there is no country code, only a language and variant.
- There are several other issues including but not limited to: checking the content of strings, checking the index values of strings, checking for certain characters in strings, etc. All of these can be improved upon with more descriptive variable names and comments.","The root cause for the thrown error is in line 115. The program checks, if the third character of the locale is < ""A"" or > ""Z"" and throws an error in this case. Based on the test, a locale with an underscore at the third position is possible. In ASCII an underscore has a value greater than ""Z"". Therefore the IllegalArgumentException occurs. ","The method """"toLocale"""" accepts a string variable """"str"""" as input, which it parses for a valid locale. The input """"fr__POSIX"""" in this case contains an underscore as the third and fourth characters. The conditional on line 115 checks, whether the fourth character, saved in variable """"ch3"""", is an upper-case letter between """"A"""" and """"Z"""". Since """"ch3"""" is an underscore, the expression """"ch3 > 'Z'"""" evaluates to true, and an """"IllegalArgumentException"""" is thrown.",0.0005441937398679237,0.0003323706619158019,55.58,76.01,53.41,"[[1.         0.22528291]
 [0.22528291 1.        ]]","[[1.         0.24073323]
 [0.24073323 1.        ]]","{'rouge-1': {'r': 0.07142857142857142, 'p': 0.00013132666193890684, 'f': 0.00026217130272920326}, 'rouge-2': {'r': 0.0, 'p': 0.0, 'f': 0.0}, 'rouge-4': {'r': 0.0, 'p': 0.0, 'f': 0.0}, 'rouge-l': {'r': 0.07142857142857142, 'p': 0.00013132666193890684, 'f': 0.00026217130272920326}}","{'rouge-1': {'r': 0.08312342569269521, 'p': 0.00015881265881265882, 'f': 0.00031701963120049566}, 'rouge-2': {'r': 0.0, 'p': 0.0, 'f': 0.0}, 'rouge-4': {'r': 0.0, 'p': 0.0, 'f': 0.0}, 'rouge-l': {'r': 0.08312342569269521, 'p': 0.00015881265881265882, 'f': 0.00031701963120049566}}",0.4516637325286865,0.4412722587585449
