,explanation,description_c,description_d,bleu_c,bleu_d,readablity,readablity_c,readablity_d,cosine_c,cosine_d,rouge_c,rouge_d,bleurt_c,bleurt_d
HIT01_8,"The root cause of the bug is related to line 279 in the static method <code>forOffsetHoursMinutes</code>>, where the variable ""minutesOffset"" is checked if it is less than 0 or greater than 59. The check should instead be for values between ->-59 and >+59.</pre>","The root cause for the thrown exception is in line 279. Within the if statement the program checks is the value of the variable ""minutesOffset"" is less than zero or greater than 59. The documentation states, that the value of the variable can also be negative in some cases. In a case with a negative ""minutesOffset"" value, the program throws the relevant exception.","The specification states, that the method ""DateTimeZone()"" accepts a minutes offset value in the range of -59 to 59 inlcusive. The method checks if this value, stored as ""minutesOffset"", is within these bounds on line 279, but incorrectly throws an ""IllegalArgumentException"" for any minutes offset less than zero instead of less than -59.",0.14688366039349654,0.01951135289845174,75.03,63.9,53.04,"[[1.         0.20938963]
 [0.20938963 1.        ]]","[[1.         0.27261773]
 [0.27261773 1.        ]]","{'rouge-1': {'r': 0.0, 'p': 0.0, 'f': 0.0}, 'rouge-2': {'r': 0.0, 'p': 0.0, 'f': 0.0}, 'rouge-4': {'r': 0.0, 'p': 0.0, 'f': 0.0}, 'rouge-l': {'r': 0.0, 'p': 0.0, 'f': 0.0}}","{'rouge-1': {'r': 0.0, 'p': 0.0, 'f': 0.0}, 'rouge-2': {'r': 0.0, 'p': 0.0, 'f': 0.0}, 'rouge-4': {'r': 0.0, 'p': 0.0, 'f': 0.0}, 'rouge-l': {'r': 0.0, 'p': 0.0, 'f': 0.0}}",0.45272672176361084,0.37989360094070435
HIT02_24,"The root cause of the software failure can be attributed to the Color function not accepting negative numbers, which resulted from passing -0.5 from the getPaint method. The variable value was used instead of v on line 117, causing it to exist beyond the range of this.lowerBound and this.upperBound.","The root cause for the thrown exception is in line 119. The function ""Color"" does not accept negative numbers as input values, but a negative number can be passed to the function. Therefore, the IllegalArgumentException occurs.","The ""getPaint"" method checks if the input ""value"" lies within specified upper and lower bounds, and corrects inputs that are too large or too small. The corrected input is saved in a new variable ""v"". The calculation on line 117 uses the original ""value"" instead of the corrected ""v"", causing the ""IllegalArgumentException"" to be thrown.",0.0312276221392469,0.03303636367231717,67.45,59.3,61.36,"[[1.         0.23410907]
 [0.23410907 1.        ]]","[[1.         0.17961328]
 [0.17961328 1.        ]]","{'rouge-1': {'r': 0.015625, 'p': 0.0002697114087925919, 'f': 0.0005302695536897922}, 'rouge-2': {'r': 0.0, 'p': 0.0, 'f': 0.0}, 'rouge-4': {'r': 0.0, 'p': 0.0, 'f': 0.0}, 'rouge-l': {'r': 0.015625, 'p': 0.0002697114087925919, 'f': 0.0005302695536897922}}","{'rouge-1': {'r': 0.02120141342756184, 'p': 0.00036335008780960455, 'f': 0.0007144558228149559}, 'rouge-2': {'r': 0.0, 'p': 0.0, 'f': 0.0}, 'rouge-4': {'r': 0.0, 'p': 0.0, 'f': 0.0}, 'rouge-l': {'r': 0.02120141342756184, 'p': 0.00036335008780960455, 'f': 0.0007144558228149559}}",0.41334640979766846,0.3883320093154907
HIT03_6,"The root cause of the bug is due to an issue in the translate method, specifically within the for loop on line 94. The code increments pos while iterating through input, which can lead to an out of bounds error if consumed is equal to 0 on line 86. Additionally, pos may be incremented beyond the len variable on lines 89 and 95, causing a StringIndexOutOfBoundsException.","The root cause for the thrown exception is in the while loop between lines 84 and 97. In line 87 the invocation ""Character.codePointAt"" gets the variable ""pos"" as input. The ""pos"" variable gets incremented in the while loop twice (in line 89 and 95) constantly. Therefore, it could get incremented beyond the ""len"" variable. In that case, the StringIndexOutOfBoundsException occurs.","The ""translate"" method accesses the character sequence at the index specified with the ""pos"" variable. The ""pos"" variable is incremented within the while loop on lines 84-97. The loop executes as long as ""pos"" is smaller than the length of the character sequence. In this case the character sequence is of length two. A ""pos"" value of 2 is not smaller than the length of the character sequence, but since indexing starts at 0 trying to access this character sequence at index 2 results in a ""StringIndexOutOfBoundsException""",0.1080550802013289,0.023831032304794067,57.61,69.79,62.27,"[[1.         0.39462151]
 [0.39462151 1.        ]]","[[1.        0.1599701]
 [0.1599701 1.       ]]","{'rouge-1': {'r': 0.04953560371517028, 'p': 0.0006346184356655561, 'f': 0.0012531819071862152}, 'rouge-2': {'r': 0.0, 'p': 0.0, 'f': 0.0}, 'rouge-4': {'r': 0.0, 'p': 0.0, 'f': 0.0}, 'rouge-l': {'r': 0.04953560371517028, 'p': 0.0006346184356655561, 'f': 0.0012531819071862152}}","{'rouge-1': {'r': 0.0730593607305936, 'p': 0.0009252833680314596, 'f': 0.0018274227628347895}, 'rouge-2': {'r': 0.0, 'p': 0.0, 'f': 0.0}, 'rouge-4': {'r': 0.0, 'p': 0.0, 'f': 0.0}, 'rouge-l': {'r': 0.0730593607305936, 'p': 0.0009252833680314596, 'f': 0.0018274227628347895}}",0.5037781596183777,0.45188677310943604
HIT04_7,"The root cause for the thrown exception is an incorrect calculation of the maximum middle index value in the 'updateBounds' method. The code tries to calculate the maxMiddleIndex by adding the values of e and s divided by 2, but due to integer arithmetic issues it returns a wrong value causing the assertion to fail.

Specifically, minMiddleIndex is passed instead of maxMiddleIndex while calling assessor functions in line 301. Additionally, during initialization of e and s parameters for getDataItem are incorrect (minMiddleIndex instead of maxMiddleIndex).

Lastly, s.add method expects one parameter but it's called with two parameters.","The root cause for the thrown exception is in line 299 and 301. Between lines 298 and 310, calculations are conducted based on a ""maxMiddleIndex"" value greater than 1. The variables ""s"" and ""e"" are initialized based on ""minMiddleIndex"" instead of ""maxMiddleIndex"". Therefore, the AssertionFailedError occurs.","The ""updateBounds"" method updates the ""maxMiddleIndex"" on lines 298-310. On lines 299 and 301 the method ""getDataItem"" is called with the ""minMiddleIndex"" value, which causes ""maxMiddleIndex"" to be updated incorrectly and the ""AssertionFailedError""",0.07705223969944729,0.0041541820276707565,43.32,59.8,46.27,"[[1.         0.25830047]
 [0.25830047 1.        ]]","[[1.         0.27233422]
 [0.27233422 1.        ]]","{'rouge-1': {'r': 0.2585551330798479, 'p': 0.0022760744410228947, 'f': 0.004512425760642357}, 'rouge-2': {'r': 0.0, 'p': 0.0, 'f': 0.0}, 'rouge-4': {'r': 0.0, 'p': 0.0, 'f': 0.0}, 'rouge-l': {'r': 0.2585551330798479, 'p': 0.0022760744410228947, 'f': 0.004512425760642357}}","{'rouge-1': {'r': 0.22685185185185186, 'p': 0.002036913867642168, 'f': 0.0040375741595253785}, 'rouge-2': {'r': 0.0, 'p': 0.0, 'f': 0.0}, 'rouge-4': {'r': 0.0, 'p': 0.0, 'f': 0.0}, 'rouge-l': {'r': 0.22685185185185186, 'p': 0.002036913867642168, 'f': 0.0040375741595253785}}",0.45408421754837036,0.4330939054489136
HIT05_35,"The error is caused by defaulting to the Object class when retrieving the class of an element within an array, resulting in an attempt to cast an object to a string on line 3290 of the code.","The root cause for the thrown error is in line 3288. A new array is initiated as an array of Objects. When an array is passed as null, the implicit casting from Object to String fails. Therefore, the ClassCastException occurs.","The method ""add"" accepts two input variables ""T[] array"" and ""T element"". In order to add ""element"" to the array, a new array ""newArray"" of objects of type ""T"" is created, to which ""element"" is then appended. ""newArray"" is initialized on line 3290 using the ""copyArrayGrow1"" method, which takes the input ""array"" and a variable ""type"" denoting the type of objects held in the array. Since the input ""array"" is non-Null, ""type"" is set to the type of ""array"" on line 3288. Because ""type"" is set to the type of ""array"", which is ""Object.class"", instead of the type of objects contained in the array, which is ""T"", the array returned by the ""copyArrayGrow1"" method does not match the type declaration of the ""newArray"" variable, leading to a ""ClassCastException"".",0.018743785289208153,0.014549198002379958,50.84,69.79,58.32,"[[1.         0.21619877]
 [0.21619877 1.        ]]","[[1.         0.17837553]
 [0.17837553 1.        ]]","{'rouge-1': {'r': 0.09090909090909091, 'p': 0.002033006457785219, 'f': 0.0039770733419113346}, 'rouge-2': {'r': 0.0, 'p': 0.0, 'f': 0.0}, 'rouge-4': {'r': 0.0, 'p': 0.0, 'f': 0.0}, 'rouge-l': {'r': 0.09090909090909091, 'p': 0.002033006457785219, 'f': 0.0039770733419113346}}","{'rouge-1': {'r': 0.08386075949367089, 'p': 0.0018872627568279742, 'f': 0.003691450461431308}, 'rouge-2': {'r': 0.0, 'p': 0.0, 'f': 0.0}, 'rouge-4': {'r': 0.0, 'p': 0.0, 'f': 0.0}, 'rouge-l': {'r': 0.08386075949367089, 'p': 0.0018872627568279742, 'f': 0.003691450461431308}}",0.4879947304725647,0.45589613914489746
HIT06_51,"The issue lies at line 260 where the 'add(Long.toString(value);)' is called, incorrectly sending off 0 as an argument instead of -0.0 due to the variable being declared a long data type which removes the .0 portion and converts the remaining -0 to 0 by default in the compiler's perspective, therefore causing the addition method to append '0' rather than '-0.0'. The correct data type should be Double to accommodate for proper conversion when an accurate string representation of '-0.0' is expected.",The root cause for the thrown exception is in line 260. The program casts a Long value to String. The value passed to the Long can have a decimal place which gets eliminated due to the number format. Therefore a different value than expected is cast to String and the ComparisonFailure occurs.,"The method ""addNumber"" is passed the value ""-0.0"", as the input variable ""x"" of type double. Since -0.0 and 0.0 are equal, the conditional clause on line 241 is skipped. The input is cast as type ""long"" to a new variable ""value"" on line 248, which gets rid of the sign and fractional part, causing the assertion to fail.",0.016295511202338523,0.012105814678747101,57.77,75.2,84.88,"[[1.         0.18094197]
 [0.18094197 1.        ]]","[[1.         0.22129418]
 [0.22129418 1.        ]]","{'rouge-1': {'r': 0.09090909090909091, 'p': 0.0009269793115071841, 'f': 0.0018352450469238787}, 'rouge-2': {'r': 0.0, 'p': 0.0, 'f': 0.0}, 'rouge-4': {'r': 0.0, 'p': 0.0, 'f': 0.0}, 'rouge-l': {'r': 0.09090909090909091, 'p': 0.0009269793115071841, 'f': 0.0018352450469238787}}","{'rouge-1': {'r': 0.11450381679389313, 'p': 0.0011574074074074073, 'f': 0.00229165075242533}, 'rouge-2': {'r': 0.0, 'p': 0.0, 'f': 0.0}, 'rouge-4': {'r': 0.0, 'p': 0.0, 'f': 0.0}, 'rouge-l': {'r': 0.11450381679389313, 'p': 0.0011574074074074073, 'f': 0.00229165075242533}}",0.4689781069755554,0.4075644612312317
HIT07_33,"The root cause of the software failure is that when iterating through an array, line 910 dereferences members of the array without first checking whether they are null. In this case, the second element of the input array was null, causing a NullPointerException when attempting to call getClass() on a null object.","The root cause for the thrown exception is in line 910. The program calls ""getClass"" on arrays without checking, if they are null. If ""getClass"" gets called on a null array, the NullPointerException occurs.","The method ""toClass"" accepts the input variable ""array"". The for-loop on lines 909-911 iterates over all members of the array and dereferences them without checking for null values first. This causes the ""getClass"" method on line 910 to throw a ""NullPointerException"" when called on array members that are null.",0.04700630796992355,0.09802955551874099,53.55,76.93,63.39,"[[1.         0.43890707]
 [0.43890707 1.        ]]","[[1.         0.46586866]
 [0.46586866 1.        ]]","{'rouge-1': {'r': 0.06936416184971098, 'p': 0.0011202389843166542, 'f': 0.0022048690858980247}, 'rouge-2': {'r': 0.0, 'p': 0.0, 'f': 0.0}, 'rouge-4': {'r': 0.0, 'p': 0.0, 'f': 0.0}, 'rouge-l': {'r': 0.06936416184971098, 'p': 0.0011202389843166542, 'f': 0.0022048690858980247}}","{'rouge-1': {'r': 0.07604562737642585, 'p': 0.0012367054167697256, 'f': 0.0024338302403407366}, 'rouge-2': {'r': 0.0, 'p': 0.0, 'f': 0.0}, 'rouge-4': {'r': 0.0, 'p': 0.0, 'f': 0.0}, 'rouge-l': {'r': 0.07604562737642585, 'p': 0.0012367054167697256, 'f': 0.0024338302403407366}}",0.6745455861091614,0.584263026714325
HIT08_54,"The input string with the format ""fr__POSIX"" does not meet the criteria for a valid French locale as it is missing the country code after the fourth underscore character. The correct format should be ""fr_FR"". Therefore, an error was thrown letting the user know that the input string was in incorrect format.","The root cause for the thrown error is in line 115. The program checks, if the third character of the locale is < ""A"" or > ""Z"" and throws an error in this case. Based on the test, a locale with an underscore at the third position is possible. In ASCII an underscore has a value greater than ""Z"". Therefore the IllegalArgumentException occurs. ","The method """"toLocale"""" accepts a string variable """"str"""" as input, which it parses for a valid locale. The input """"fr__POSIX"""" in this case contains an underscore as the third and fourth characters. The conditional on line 115 checks, whether the fourth character, saved in variable """"ch3"""", is an upper-case letter between """"A"""" and """"Z"""". Since """"ch3"""" is an underscore, the expression """"ch3 > 'Z'"""" evaluates to true, and an """"IllegalArgumentException"""" is thrown.",0.011191121918143383,0.02436093878770144,70.84,76.01,61.87,"[[1.         0.13843621]
 [0.13843621 1.        ]]","[[1.         0.20670696]
 [0.20670696 1.        ]]","{'rouge-1': {'r': 0.07142857142857142, 'p': 0.001121327651939897, 'f': 0.00220799293442261}, 'rouge-2': {'r': 0.0, 'p': 0.0, 'f': 0.0}, 'rouge-4': {'r': 0.0, 'p': 0.0, 'f': 0.0}, 'rouge-l': {'r': 0.07142857142857142, 'p': 0.001121327651939897, 'f': 0.00220799293442261}}","{'rouge-1': {'r': 0.08060453400503778, 'p': 0.0013149243918474688, 'f': 0.002587635951967008}, 'rouge-2': {'r': 0.0, 'p': 0.0, 'f': 0.0}, 'rouge-4': {'r': 0.0, 'p': 0.0, 'f': 0.0}, 'rouge-l': {'r': 0.08060453400503778, 'p': 0.0013149243918474688, 'f': 0.002587635951967008}}",0.4019879102706909,0.4124038815498352
